days_per_funding,average_milestone_duration_days,funding_duration_days,Status,amount_milestones,Fundingrounds,Fundingtotal,state,BusinessField,NumContributors,NumPartners
275,744,825,Successful (Acquired),3,3,375000,CA,music,1,3
1778,0,7112,Successful (Acquired),1,4,40100000,CA,enterprise,4,9
0,274,0,Successful (Acquired),2,1,2600000,CA,web,4,5
797,0,2391,Successful (Acquired),1,3,40000000,CA,software,3,5
609,0,1218,Failed,1,2,1300000,CA,games_video,1,2
0,0,0,Failed,1,1,7500000,CA,network_hosting,3,3
1274,1318,3822,Successful (Acquired),2,3,26000000,CA,software,1,6
1867,642,5601,Successful (Acquired),3,3,34100000,CA,finance,3,25
2747,728,8241,Successful (Acquired),4,3,9650000,MA,mobile,4,13
1100,1168,3300,Successful (Acquired),4,3,5750000,CA,web,1,14
1760,189,5280,Successful (Acquired),3,3,27500000,CA,mobile,1,22
1552,1908,7760,Failed,2,5,10400000,CA,web,1,8
0,,0,Failed,,1,350000,KY,web,1,0
882,1308,2646,Successful (Acquired),3,3,9950000,NY,education,2,15
1581,0,7905,Successful (Acquired),1,5,10700000,CO,software,2,12
0,,0,Failed,,1,200000,VA,public_relations,1,0
1525,0,7625,Failed,1,5,49000000,CA,security,3,8
942,4809,3768,Successful (Acquired),3,4,25000000,CA,games_video,3,7
306,627,918,Successful (Acquired),3,3,4575000,NY,web,5,10
120,147,240,Failed,3,2,28000000,CA,enterprise,1,13
574,1974,1148,Successful (Acquired),3,2,4355000,TX,software,1,8
0,0,0,Failed,1,1,15000000,WA,other,1,3
0,0,0,Failed,1,1,3170000,CA,web,2,1
1575,717,3150,Failed,3,2,2300000,CA,mobile,2,4
31,,62,Failed,,2,455000,CO,public_relations,1,5
0,0,0,Successful (Acquired),1,1,13000000,IL,software,4,3
0,0,0,Successful (Acquired),1,1,15000000,CA,public_relations,4,7
0,660,0,Successful (Acquired),3,1,3800000,CA,photo_video,2,2
739,272,3695,Successful (Acquired),2,5,299500000,TX,web,1,37
0,2040,0,Successful (Acquired),3,1,1000000,CA,hardware,2,5
296,0,592,Failed,1,2,10500000,CA,other,2,3
370,0,740,Successful (Acquired),1,2,8600000,WA,public_relations,1,6
798,,1596,Failed,,2,5000000,NC,software,1,9
317,640,634,Successful (Acquired),2,2,2304999,CA,mobile,5,3
0,,0,Failed,,1,25000,PA,security,1,2
0,0,0,Failed,1,1,4000000,NY,software,1,1
356,1215,712,Failed,3,2,14600000,CA,software,2,8
1693,,5079,Failed,,3,44000000,CA,hardware,4,0
906,1512,2718,Successful (Acquired),3,3,1822922,CA,ecommerce,2,10
2155,1205,15085,Successful (Acquired),5,7,29915001,NY,advertising,2,18
1753,1420,7012,Successful (Acquired),5,4,33000000,GA,enterprise,3,26
213,4,426,Successful (Acquired),2,2,125000,NH,mobile,1,9
833,168,1666,Failed,2,2,4000000,CA,travel,1,7
0,978,0,Successful (Acquired),3,1,10000000,WA,enterprise,2,10
0,540,0,Successful (Acquired),4,1,6000000,CA,advertising,3,25
0,,0,Successful (Acquired),,1,25000000,CA,software,5,4
740,696,2220,Successful (Acquired),3,3,3750000,NY,fashion,2,2
0,200,0,Successful (Acquired),2,1,3000000,MA,software,1,9
365,110,730,Successful (Acquired),2,2,1155000,CA,software,9,6
0,960,0,Successful (Acquired),2,1,10000000,CA,software,2,11
0,0,0,Successful (Acquired),1,1,3000000,CA,web,1,5
202,465,404,Successful (Acquired),3,2,11500000,MA,mobile,1,4
0,1560,0,Successful (Acquired),5,1,5000000,TX,web,3,12
594,0,1188,Successful (Acquired),1,2,29000000,MA,public_relations,5,9
2030,1296,12180,Successful (Acquired),4,6,34700000,CA,enterprise,5,37
844,,1688,Failed,,2,12050000,CA,software,1,0
948,1004,2844,Successful (Acquired),2,3,12000000,CA,analytics,2,13
0,0,0,Successful (Acquired),1,1,5500000,CA,consulting,2,18
790,860,2370,Successful (Acquired),4,3,24000000,CA,software,3,10
360,1966,720,Successful (Acquired),2,2,10000000,MO,mobile,4,6
2981,0,8943,Failed,1,3,19009671,MA,biotech,2,10
0,0,0,Failed,1,1,5000000,CA,cleantech,1,6
1919,0,9595,Successful (Acquired),1,5,18914576,WA,enterprise,3,2
0,,0,Failed,,1,4000000,FL,software,1,0
532,534,1596,Successful (Acquired),2,3,2030882,MA,software,3,5
0,2698,0,Successful (Acquired),2,1,5000000,CA,cleantech,1,4
0,,0,Failed,,1,20500000,WA,software,1,5
934,1136,1868,Successful (Acquired),4,2,13250000,CO,advertising,2,4
0,0,0,Successful (Acquired),1,1,12000000,CA,security,2,7
617,116,1851,Successful (Acquired),2,3,11489687,CA,advertising,3,9
0,477,0,Successful (Acquired),3,1,4000000,CA,web,3,15
0,0,0,Successful (Acquired),1,1,355000,CA,software,1,3
90,1059,180,Successful (Acquired),3,2,118000,FL,web,1,10
2799,1128,11196,Successful (Acquired),3,4,40400000,CA,advertising,1,17
0,,0,Failed,,1,3000000,TX,software,1,1
476,0,952,Failed,1,2,19700000,CA,software,4,2
11,,22,Failed,,2,17800000,CA,software,1,0
762,252,2286,Successful (Acquired),3,3,57500000,CA,photo_video,4,12
866,1115,2598,Successful (Acquired),5,3,17200000,NY,games_video,2,10
703,566,4921,Failed,2,7,457282,MA,mobile,1,4
750,309,3000,Successful (Acquired),3,4,18500000,CA,mobile,2,11
0,,0,Failed,,1,12000000,NJ,cleantech,6,2
162,321,324,Failed,3,2,510000000,CO,cleantech,1,5
273,0,546,Successful (Acquired),1,2,18250000,CA,search,2,3
1269,1410,5076,Successful (Acquired),5,4,41500019,NY,music,4,13
0,,0,Failed,,1,1000000,WV,software,3,1
0,612,0,Successful (Acquired),2,1,5000000,CA,web,1,7
1014,0,3042,Failed,1,3,42700000,MI,cleantech,3,2
0,,0,Failed,,1,12000000,CA,ecommerce,9,7
211,2236,422,Successful (Acquired),2,2,22300000,WA,software,4,5
1412,0,2824,Successful (Acquired),1,2,10000000,CA,semiconductor,4,5
1277,,3831,Failed,,3,15564591,DC,advertising,3,1
0,800,0,Successful (Acquired),2,1,500000,CA,web,5,7
447,306,894,Successful (Acquired),2,2,8950000,CA,analytics,7,24
1121,298,4484,Successful (Acquired),2,4,55350000,NY,finance,4,8
0,,0,Failed,,1,4000000,CA,public_relations,3,1
1758,600,8790,Successful (Acquired),3,5,10764323,IL,software,2,3
0,0,0,Failed,1,1,5500000,NJ,software,3,1
0,1132,0,Successful (Acquired),2,1,400000,CA,social,3,7
826,,2478,Failed,,3,54000000,CA,cleantech,2,3
0,,0,Failed,,1,32000000,GA,software,7,2
0,,0,Successful (Acquired),,1,13000000,WA,software,4,1
433,,1299,Successful (Acquired),,3,12500000,WA,software,2,5
2165,2658,8660,Successful (Acquired),2,4,38064570,CA,security,3,16
639,886,1278,Successful (Acquired),2,2,6000000,CA,web,4,21
864,1836,1728,Failed,6,2,5000000,VA,web,1,4
2594,1788,7782,Successful (Acquired),3,3,59000000,VA,software,2,9
0,378,0,Failed,2,1,1000000,IL,web,1,2
0,1968,0,Successful (Acquired),3,1,600000,CA,web,7,5
111,146,222,Failed,2,2,125000000,CT,mobile,2,0
769,1269,1538,Successful (Acquired),3,2,2750000,CA,web,4,11
663,,1326,Successful (Acquired),,2,30000000,CA,network_hosting,2,1
0,,0,Failed,,1,7000000,CA,semiconductor,1,0
0,926,0,Successful (Acquired),2,1,6100000,CA,search,4,10
507,264,1521,Failed,2,3,2100000,CA,enterprise,1,12
130,918,260,Successful (Acquired),3,2,2565000,CA,mobile,3,10
0,,0,Failed,,1,2000000,CA,biotech,1,0
1140,0,3420,Successful (Acquired),1,3,22400000,NC,network_hosting,3,3
0,0,0,Successful (Acquired),1,1,6250000,NY,ecommerce,1,12
0,406,0,Successful (Acquired),2,1,575000,NY,web,6,4
212,0,424,Failed,1,2,53000,MA,web,1,1
679,236,1358,Successful (Acquired),2,2,9500000,CA,ecommerce,2,6
572,732,1144,Failed,2,2,3500000,TX,enterprise,1,7
264,1584,792,Successful (Acquired),3,3,10500000,NY,photo_video,6,14
1335,444,10680,Successful (Acquired),4,8,68500000,CA,cleantech,2,14
1413,,7065,Successful (Acquired),,5,85381111,MA,biotech,4,2
640,1185,1920,Successful (Acquired),3,3,100000000,MD,web,2,6
912,334,1824,Failed,2,2,125000,PA,advertising,1,3
700,0,1400,Failed,1,2,10600000,VA,mobile,3,2
1102,0,3306,Successful (Acquired),1,3,26100000,CA,semiconductor,3,2
0,0,0,Successful (Acquired),1,1,30000000,NY,web,5,2
260,30,780,Failed,2,3,132885,IL,games_video,1,6
1323,1908,3969,Successful (Acquired),2,3,9500000,CA,software,2,9
0,0,0,Successful (Acquired),1,1,18000000,CA,network_hosting,7,9
0,0,0,Failed,1,1,690000,OH,web,3,4
307,,921,Successful (Acquired),,3,25131611,GA,mobile,1,1
0,,0,Failed,,1,2000000,CA,hardware,1,1
1848,760,5544,Successful (Acquired),2,3,78750000,MA,biotech,3,4
1516,1269,7580,Successful (Acquired),3,5,48500000,CA,advertising,2,27
0,1038,0,Failed,2,1,15000000,CA,network_hosting,1,12
1598,,7990,Successful (Acquired),,5,74000000,CA,analytics,5,13
578,0,1156,Successful (Acquired),1,2,15000000,CA,software,3,6
699,810,2097,Failed,3,3,45000000,NY,games_video,1,8
0,0,0,Successful (Acquired),1,1,4410000,CA,mobile,1,4
327,248,654,Successful (Acquired),2,2,4500000,VA,web,2,9
772,372,2316,Successful (Acquired),2,3,11040000,CA,software,2,11
0,592,0,Successful (Acquired),2,1,1600000,CA,games_video,3,6
167,0,334,Successful (Acquired),1,2,9000000,NY,software,4,3
491,1342,1473,Successful (Acquired),2,3,3282327,CA,analytics,2,4
0,2120,0,Successful (Acquired),5,2,24700000,CA,web,4,5
434,,868,Failed,,2,8800000,GA,semiconductor,1,2
0,0,0,Failed,1,1,1700000,CA,web,1,1
0,284,0,Failed,2,1,20000,CA,web,1,1
663,1225,1326,Successful (Acquired),5,2,11500000,CA,mobile,2,10
2598,2526,18186,Failed,3,7,98170000,CA,mobile,5,12
0,708,0,Successful (Acquired),3,1,1350000,CA,web,10,2
0,1414,0,Successful (Acquired),2,1,940261,IL,software,1,17
732,3,1464,Successful (Acquired),3,2,4000000,MA,web,3,12
0,0,0,Failed,1,1,5000000,CA,web,1,5
0,0,0,Failed,1,1,20000,VA,web,1,3
0,0,0,Successful (Acquired),1,1,12500000,WA,network_hosting,3,5
1210,6,6050,Failed,2,5,7228704,CO,finance,1,0
574,0,1148,Failed,1,2,55000000,IL,biotech,4,5
1661,,6644,Successful (Acquired),,4,15180000,CA,enterprise,1,5
395,602,790,Failed,2,2,30000000,CA,software,2,4
53,519,106,Successful (Acquired),3,2,14500000,TX,network_hosting,1,11
0,651,0,Successful (Acquired),3,1,6500000,CA,advertising,3,6
0,0,0,Failed,1,1,15000,TN,web,1,2
1050,918,5250,Successful (Acquired),3,5,4705910,NY,mobile,3,5
0,602,0,Successful (Acquired),2,1,3000000,CA,games_video,1,6
1523,1385,9138,Successful (Acquired),5,6,125250000,NY,web,3,30
1340,477,5360,Failed,3,4,1449998,NY,social,1,8
180,717,360,Successful (Acquired),3,2,6000000,MA,mobile,6,5
1522,,4566,Successful (Acquired),,3,28200000,MN,medical,3,7
632,0,1264,Successful (Acquired),1,2,14000000,CA,software,2,5
0,104,0,Failed,2,1,3000000,TX,enterprise,1,14
91,0,182,Failed,1,2,2238055,WA,enterprise,1,6
574,122,1148,Failed,2,2,5200000,CA,photo_video,1,5
0,960,0,Successful (Acquired),4,1,75000000,PA,ecommerce,1,4
1299,552,5196,Failed,4,4,24500000,MA,software,1,13
1166,,3498,Failed,,3,4476171,CA,advertising,2,3
701,1119,2103,Successful (Acquired),3,3,10400001,TX,web,6,21
1077,0,3231,Successful (Acquired),1,3,68400000,CO,network_hosting,6,8
622,,1244,Successful (Acquired),,2,15200000,CA,software,2,13
353,,706,Failed,,2,890000,NY,mobile,3,2
0,,0,Failed,,1,2600000,CA,mobile,1,0
0,94,0,Successful (Acquired),2,1,1226270,IL,enterprise,1,7
566,0,1132,Successful (Acquired),1,2,9000000,CA,web,1,5
1269,0,5076,Successful (Acquired),1,4,7210210,CA,enterprise,1,4
147,0,294,Successful (Acquired),1,2,15700000,CA,automotive,3,15
230,0,460,Successful (Acquired),1,2,15050000,MA,software,2,4
731,1076,1462,Successful (Acquired),2,2,3500000,CA,games_video,3,5
319,0,638,Failed,1,2,43000000,CA,software,1,2
685,830,1370,Successful (Acquired),2,2,57000000,CA,web,3,7
0,1236,0,Successful (Acquired),4,1,1300000,CA,web,4,8
1068,2064,4272,Successful (Acquired),4,4,69750000,CA,games_video,5,15
731,282,1462,Successful (Acquired),2,2,14500000,MA,advertising,2,16
547,,1094,Failed,,2,48000000,CA,hardware,6,2
708,,1416,Failed,,2,3508462,PA,medical,3,3
777,0,2331,Successful (Acquired),1,3,19500000,CA,software,3,10
0,210,0,Successful (Acquired),3,1,3750000,CA,mobile,9,5
0,,0,Failed,,1,45000000,IL,web,2,1
1732,1251,6928,Failed,3,4,32500000,NC,enterprise,2,8
2373,2875,4746,Successful (Acquired),5,2,4900000,PA,enterprise,1,4
333,357,666,Failed,3,2,12000000,CA,advertising,2,4
793,876,2379,Successful (Acquired),6,3,7175000,CA,web,2,12
120,1936,240,Failed,4,2,4700000,CA,web,1,3
0,,0,Failed,,1,120000,CA,public_relations,2,3
1291,448,3873,Successful (Acquired),2,3,10000000,CA,advertising,1,10
1956,,7824,Failed,,4,39000000,TX,semiconductor,3,0
653,,1306,Successful (Acquired),,2,16100000,MA,software,2,3
306,1032,612,Successful (Acquired),3,2,3300000,CA,advertising,2,4
0,192,0,Successful (Acquired),3,1,750000,CA,analytics,9,6
0,,0,Failed,,2,1000000,GA,software,2,0
0,,0,Failed,,1,7410000,NY,biotech,3,3
1283,,3849,Successful (Acquired),,3,52800000,CA,semiconductor,5,5
1624,1112,4872,Failed,4,3,37000000,CA,software,1,33
949,276,2847,Successful (Acquired),3,3,14229998,CA,web,3,14
626,740,1252,Successful (Acquired),2,2,3000000,CA,messaging,2,7
0,0,0,Successful (Acquired),1,1,20000000,NY,advertising,1,10
492,162,984,Successful (Acquired),3,2,2000000,RI,advertising,1,6
830,280,1660,Successful (Acquired),2,2,19900000,DC,software,2,3
0,0,0,Failed,1,1,1500000,CA,ecommerce,1,6
0,0,0,Failed,1,1,325000,CA,cleantech,4,4
0,198,0,Failed,2,1,3500000,CA,enterprise,1,16
870,952,3480,Failed,2,4,30000000,WA,network_hosting,2,7
0,,0,Successful (Acquired),,1,50000000,CA,biotech,6,1
0,172,0,Successful (Acquired),2,1,2000000,NY,ecommerce,3,5
1581,798,9486,Successful (Acquired),2,6,72000000,CA,advertising,2,25
1520,0,4560,Successful (Acquired),1,3,27690547,CA,cleantech,4,4
0,,0,Failed,,1,9000000,TX,semiconductor,4,32
382,366,764,Successful (Acquired),3,2,7500000,CA,enterprise,3,12
294,0,588,Successful (Acquired),1,2,10000000,TX,software,2,9
1912,0,7648,Successful (Acquired),1,4,5965000,CA,software,1,7
0,2872,0,Successful (Acquired),4,1,4000000,CA,mobile,1,9
0,0,0,Failed,1,1,5000000,MI,advertising,1,2
0,836,0,Successful (Acquired),2,1,11500000,CA,advertising,2,15
406,0,812,Failed,1,2,1050000,IL,web,1,2
68,724,136,Successful (Acquired),2,2,5500000,NY,web,2,13
731,820,2193,Successful (Acquired),4,3,5000000,PA,advertising,1,17
612,1104,1224,Failed,3,2,3700000,CA,enterprise,3,11
655,,1310,Failed,,2,7000000,CA,software,1,4
334,664,668,Failed,4,2,32000000,MA,network_hosting,3,14
1284,142,3852,Successful (Acquired),2,3,7900000,MA,advertising,2,8
2048,1698,10240,Successful (Acquired),3,5,80000000,CA,network_hosting,2,16
0,0,0,Failed,1,1,5000000,TX,mobile,1,1
798,1896,1596,Successful (Acquired),3,2,2100000,WA,security,1,5
1530,0,6120,Successful (Acquired),1,4,22250000,MD,enterprise,2,6
351,5978,702,Successful (Acquired),2,2,1975000,OR,enterprise,3,6
0,268,0,Successful (Acquired),2,1,1000000,NY,web,1,0
0,,0,Failed,,1,35000000,PA,cleantech,1,0
1549,710,10843,Successful (Acquired),5,7,88651133,NY,mobile,3,12
0,,0,Successful (Acquired),,1,26000000,MA,semiconductor,2,3
0,276,0,Failed,2,1,100000,CA,games_video,1,3
0,405,0,Successful (Acquired),3,1,5000000,CO,mobile,1,6
538,,1076,Failed,,2,7300000,GA,biotech,3,5
1542,2468,4626,Successful (Acquired),2,3,64080000,CA,biotech,4,8
140,658,280,Successful (Acquired),2,2,5800000,RI,enterprise,4,8
639,28,2556,Failed,2,4,89500000,CA,finance,1,6
1705,396,6820,Successful (Acquired),2,4,23350000,CA,games_video,3,11
831,,1662,Successful (Acquired),,2,13500000,MA,software,2,7
282,10,564,Successful (Acquired),2,2,24500000,MA,security,5,13
0,0,0,Failed,1,1,10000000,CA,public_relations,4,2
0,,0,Failed,,1,8500000,UT,other,1,3
0,,0,Failed,,1,6000000,TX,cleantech,1,0
0,0,0,Successful (Acquired),1,1,2000000,CA,software,2,3
301,406,602,Successful (Acquired),2,2,4100000,TX,enterprise,1,3
0,2324,0,Successful (Acquired),4,1,6200000,CA,search,2,5
543,0,1086,Successful (Acquired),1,2,12250000,CA,advertising,2,8
612,1100,1224,Successful (Acquired),2,2,11725600,CA,mobile,2,3
553,,1106,Failed,,2,16000000,MA,software,1,1
696,582,2088,Successful (Acquired),2,3,5056559,WA,mobile,1,10
0,744,0,Successful (Acquired),3,1,100000,CA,web,1,9
1691,1569,5073,Successful (Acquired),3,3,68200000,CA,hardware,4,11
1905,0,5715,Successful (Acquired),1,3,33000000,CA,enterprise,3,5
553,90,1659,Failed,2,3,3352194,NC,analytics,9,8
182,730,364,Successful (Acquired),2,2,2212000,NY,analytics,3,5
507,,2028,Successful (Acquired),,4,19800000,CA,biotech,5,1
98,22,196,Failed,2,2,4500000,CA,web,3,6
1,0,2,Successful (Acquired),1,2,14000000,MA,software,1,2
0,122,0,Failed,2,1,100000,FL,social,1,4
391,854,782,Successful (Acquired),2,2,9900000,CA,software,2,4
1848,288,5544,Successful (Acquired),2,3,7600000,CA,advertising,5,10
0,0,0,Failed,1,1,50000,CA,games_video,2,2
0,,0,Failed,,1,650000,CA,public_relations,1,3
661,114,1983,Failed,3,3,10500000,CA,mobile,2,8
0,336,0,Successful (Acquired),2,1,500000,CA,web,1,12
770,2988,1540,Successful (Acquired),3,2,24300000,CA,web,2,2
140,0,280,Failed,1,2,18000000,CA,hardware,1,6
1055,990,3165,Successful (Acquired),5,3,26000000,CA,messaging,3,27
1018,,2036,Failed,,2,9500000,CA,hardware,3,2
0,0,0,Successful (Acquired),1,1,16980999,MD,biotech,1,6
0,878,0,Failed,2,1,5000000,CA,games_video,3,2
0,,0,Failed,,1,350000,WA,hardware,1,3
1363,0,6815,Failed,1,5,13130000,MA,web,1,1
0,1030,0,Failed,2,1,20000000,WA,software,1,1
1020,1800,3060,Successful (Acquired),4,3,26500000,MA,mobile,2,18
148,,296,Successful (Acquired),,2,15000000,MA,enterprise,5,4
0,,0,Failed,,1,2600000,MD,public_relations,1,0
1327,,5308,Failed,,4,21470000,CA,cleantech,1,1
0,216,0,Failed,2,1,20000,TX,mobile,1,5
243,1794,486,Failed,3,2,3600000,CA,web,1,10
2343,144,16401,Successful (Acquired),4,7,27300000,NY,games_video,2,23
0,0,0,Successful (Acquired),1,1,2600000,CA,ecommerce,2,8
0,516,0,Failed,2,1,5000000,CA,web,1,5
535,934,1070,Successful (Acquired),2,2,17000000,CA,mobile,3,2
0,,0,Failed,,1,662000,ME,manufacturing,3,0
374,266,748,Successful (Acquired),2,2,3750000,NY,hospitality,4,12
2110,1424,8440,Successful (Acquired),8,4,45000000,CA,news,4,57
722,1196,1444,Successful (Acquired),4,2,6700000,NY,music,8,9
1352,904,4056,Successful (Acquired),2,3,20750000,CA,hardware,2,12
2315,,9260,Successful (Acquired),,4,19000000,CA,games_video,2,5
396,,1188,Successful (Acquired),,3,22500000,CA,search,4,20
947,555,2841,Successful (Acquired),3,3,7300000,CA,advertising,2,10
2583,579,18081,Failed,3,7,26390819,WA,web,1,16
0,,0,Successful (Acquired),,1,10000000,WA,software,3,4
0,0,0,Failed,1,1,31000,NY,web,2,1
358,1604,1074,Successful (Acquired),4,3,21500000,CA,mobile,3,16
0,0,0,Successful (Acquired),1,1,4000000,CO,security,5,5
1169,380,3507,Successful (Acquired),4,3,9400000,CA,games_video,4,5
762,1140,2286,Successful (Acquired),4,3,5600000,NY,web,2,9
381,692,762,Successful (Acquired),2,2,6000000,CA,finance,2,9
2917,645,11668,Successful (Acquired),3,4,60704370,GA,transportation,2,35
846,214,2538,Successful (Acquired),2,3,2000000,CA,sports,3,16
91,423,182,Successful (Acquired),3,2,1000000,CA,finance,5,5
102,222,204,Failed,2,2,200000,PA,games_video,2,3
0,680,0,Failed,2,1,2300000,CA,cleantech,1,2
0,976,0,Failed,4,1,1000000,CA,mobile,1,5
1795,750,8975,Successful (Acquired),3,5,24750000,CA,music,2,13
1402,0,2804,Failed,1,2,12800000,IL,software,2,15
853,0,1706,Successful (Acquired),1,2,30500000,CA,enterprise,4,10
1083,816,3249,Failed,2,3,36300000,CA,automotive,1,3
333,615,999,Successful (Acquired),3,3,6693782,CA,real_estate,1,7
0,,0,Failed,,1,20000000,CA,hardware,5,1
0,708,0,Successful (Acquired),3,1,11370000,CA,network_hosting,2,8
749,924,2247,Successful (Acquired),4,3,16500000,CA,web,1,13
0,0,0,Failed,1,1,250000,CA,network_hosting,1,3
1041,1390,5205,Successful (Acquired),5,5,14400000,NY,web,5,9
1444,141,7220,Successful (Acquired),3,5,90000000,NY,enterprise,3,24
2240,906,8960,Successful (Acquired),2,4,13075000,CA,advertising,4,10
31,2288,62,Successful (Acquired),4,2,26000000,CA,games_video,2,10
193,548,386,Successful (Acquired),2,2,16300000,MA,enterprise,2,6
1013,0,2026,Successful (Acquired),1,2,5992316,TX,enterprise,2,5
713,,2852,Successful (Acquired),,4,89400001,CA,biotech,4,2
0,0,0,Failed,1,1,1200000,CA,software,1,4
71,650,142,Failed,2,2,1900000,NY,web,2,7
1114,1598,3342,Failed,2,3,30300000,CA,games_video,4,9
0,,0,Failed,,1,500000,NY,web,5,4
2543,340,12715,Successful (Acquired),2,5,74000000,CA,network_hosting,1,19
0,,0,Successful (Acquired),,1,18800000,TX,semiconductor,7,3
0,0,0,Failed,1,1,20000,MI,web,1,3
736,244,2944,Successful (Acquired),2,4,3350000,VA,mobile,1,3
0,,0,Successful (Acquired),,1,26100000,NJ,biotech,2,1
403,,806,Failed,,2,1213066,PA,enterprise,1,0
1233,1521,3699,Successful (Acquired),3,3,24030000,CA,advertising,3,18
1068,1450,3204,Successful (Acquired),5,3,13100000,CA,travel,1,14
615,1720,1845,Successful (Acquired),5,3,560001,NY,software,3,6
0,468,0,Successful (Acquired),3,1,3500000,MN,enterprise,2,7
2680,573,18760,Successful (Acquired),3,7,121500000,MA,mobile,4,45
1048,0,4192,Successful (Acquired),1,4,42500000,CA,mobile,2,18
358,0,716,Successful (Acquired),1,2,36000000,NC,software,3,26
0,936,0,Failed,2,1,12170000,CA,enterprise,1,7
0,668,0,Successful (Acquired),2,1,1000000,NY,software,3,4
219,2636,657,Successful (Acquired),4,3,1820000,CA,mobile,1,5
1758,1650,7032,Successful (Acquired),2,4,5700000000,WA,mobile,4,19
0,4338,0,Successful (Acquired),2,1,5000000,TX,security,5,6
207,0,414,Successful (Acquired),1,2,18800000,NY,fashion,2,4
368,,736,Successful (Acquired),,2,72300000,CA,advertising,4,3
1198,2372,3594,Successful (Acquired),4,3,1310000,CA,social,1,3
861,0,1722,Failed,1,2,15000000,MA,software,2,2
908,705,2724,Successful (Acquired),5,3,39007789,NY,enterprise,3,22
0,0,0,Successful (Acquired),1,1,25000000,MA,software,5,3
644,520,1932,Successful (Acquired),2,3,172500,MA,web,1,4
163,456,326,Successful (Acquired),2,2,6100000,NY,social,1,23
2085,2710,6255,Successful (Acquired),5,3,40300000,CA,mobile,4,7
0,60,0,Failed,3,1,100000,CA,ecommerce,1,9
1882,1036,9410,Successful (Acquired),2,5,19389998,WA,education,1,14
853,2322,1706,Successful (Acquired),3,2,61500000,CA,hardware,4,21
0,626,0,Successful (Acquired),2,1,6000000,CA,software,2,6
1828,882,7312,Successful (Acquired),6,4,19100000,MA,mobile,2,23
669,1416,2676,Successful (Acquired),3,4,3499997,NY,advertising,1,8
227,138,681,Successful (Acquired),2,3,2600000,CA,network_hosting,3,13
582,252,1746,Successful (Acquired),2,3,2023000,CA,web,1,14
0,,0,Successful (Acquired),,1,25000000,CA,semiconductor,4,3
1049,432,4196,Successful (Acquired),4,4,66000000,CA,fashion,2,17
10,0,20,Successful (Acquired),1,2,1000000,NY,advertising,3,5
268,196,536,Successful (Acquired),2,2,13000000,CA,mobile,3,11
2314,558,6942,Failed,2,3,24150000,MA,software,2,3
869,,2607,Failed,,3,47218498,CA,semiconductor,1,4
278,2890,556,Successful (Acquired),2,2,11800000,MA,search,4,1
212,0,424,Failed,1,2,2387481,NV,analytics,1,2
2464,730,9856,Successful (Acquired),5,4,33000000,MA,consulting,2,35
442,1212,884,Successful (Acquired),3,2,7500000,VA,software,1,4
0,0,0,Successful (Acquired),1,1,25000000,CA,biotech,1,3
1915,0,7660,Successful (Acquired),1,4,25305000,CA,software,2,7
388,561,776,Successful (Acquired),3,2,4950000,CA,web,12,21
1499,,8994,Successful (Acquired),,6,53816776,CA,software,5,8
395,2084,790,Successful (Acquired),4,2,3500000,NY,web,5,15
0,472,0,Successful (Acquired),2,1,5000000,CA,enterprise,1,7
927,786,2781,Successful (Acquired),3,3,2515000,CA,network_hosting,1,9
516,912,1032,Successful (Acquired),3,2,8400000,MA,web,2,10
518,945,1036,Failed,3,2,4900000,CA,mobile,1,5
0,0,0,Failed,1,1,5000000,WA,software,5,3
0,,0,Successful (Acquired),,1,11000000,NY,public_relations,3,2
2647,,10588,Successful (Acquired),,4,68400000,CA,mobile,4,6
435,378,870,Successful (Acquired),2,2,2000000,CA,software,8,7
459,0,918,Failed,1,2,10800000,NY,enterprise,1,2
1918,630,9590,Successful (Acquired),3,5,37000000,NY,news,2,31
0,2148,0,Successful (Acquired),3,1,7660000,CA,security,6,5
1783,1107,7132,Successful (Acquired),3,4,48730000,MA,software,3,5
516,0,1032,Failed,1,2,3350000,CA,messaging,2,1
1212,1654,4848,Failed,2,4,28000000,CA,ecommerce,1,3
0,0,0,Successful (Acquired),1,1,2500000,TX,analytics,2,5
304,2656,608,Successful (Acquired),4,2,8000000,IL,web,4,16
390,1326,780,Successful (Acquired),2,2,540000,NY,web,2,6
455,1620,910,Successful (Acquired),4,2,3100000,CA,games_video,2,4
451,680,902,Successful (Acquired),2,2,1200000,NY,mobile,6,8
0,0,0,Failed,1,1,5000000,NY,games_video,2,2
2449,0,14694,Successful (Acquired),1,6,37079000,CA,security,3,6
2496,2,9984,Successful (Acquired),2,4,135826373,MA,other,4,3
206,,412,Failed,,2,5000000,CA,mobile,1,5
320,909,1280,Successful (Acquired),3,4,4200000,NY,software,3,3
0,3138,0,Failed,3,1,4100000,WA,web,1,3
0,306,0,Failed,2,1,2000000,CA,web,1,3
0,0,0,Successful (Acquired),1,1,6500000,CO,software,1,3
0,,0,Failed,,1,4000000,CA,web,3,0
275,0,1375,Failed,1,5,185000,CA,mobile,2,3
0,286,0,Successful (Acquired),2,1,1300000,OR,mobile,1,5
0,,0,Successful (Acquired),,1,45000000,NY,advertising,1,21
0,984,0,Successful (Acquired),3,1,2500000,MA,search,2,4
787,1002,1574,Successful (Acquired),2,2,9200000,TX,web,1,11
487,,1948,Failed,,4,435953,CA,web,1,0
365,894,730,Failed,2,2,55600000,CT,network_hosting,2,9
0,0,0,Successful (Acquired),1,1,10000000,CO,software,1,2
0,0,0,Failed,1,1,12000,WA,games_video,1,3
20,,40,Failed,,2,2257464,MD,biotech,1,3
132,832,264,Successful (Acquired),2,2,983000,NY,messaging,6,4
387,416,774,Successful (Acquired),2,2,41000000,CA,fashion,1,15
690,,2070,Failed,,3,9100000,TX,software,1,0
1735,3261,5205,Failed,3,3,25500100,CA,software,2,6
0,30,0,Successful (Acquired),2,1,400000,CA,web,1,3
1318,,13180,Successful (Acquired),,10,22165091,NY,network_hosting,2,4
0,966,0,Successful (Acquired),2,1,500000,CA,network_hosting,4,4
1906,876,9530,Successful (Acquired),4,5,70000000,CA,web,2,29
700,0,1400,Successful (Acquired),1,2,4700000,IL,security,1,6
0,0,0,Successful (Acquired),1,1,30000000,MA,ecommerce,2,1
2671,0,13355,Successful (Acquired),1,5,39000000,MA,software,3,13
936,0,2808,Successful (Acquired),1,3,32000000,CA,semiconductor,3,10
378,,1134,Successful (Acquired),,3,42000000,MA,advertising,2,7
1821,1956,5463,Successful (Acquired),2,3,24510540,CA,enterprise,2,5
0,,0,Failed,,1,2500000,CA,software,1,0
1578,188,4734,Successful (Acquired),2,3,21460663,FL,software,4,1
0,,0,Successful (Acquired),,1,15000000,NY,games_video,4,6
1046,1408,2092,Failed,2,2,889999,CA,mobile,3,5
0,0,0,Successful (Acquired),1,1,16000000,CA,software,3,6
0,2152,0,Successful (Acquired),4,1,7000000,CA,web,2,5
0,,0,Failed,,2,100000,NY,advertising,1,3
0,765,0,Successful (Acquired),3,1,1500000,NY,music,1,13
0,772,0,Successful (Acquired),4,1,8000000,WA,web,1,19
179,780,358,Successful (Acquired),4,2,4000000,CA,web,3,22
0,,0,Failed,,1,25000,CA,web,1,3
2400,525,14400,Successful (Acquired),3,6,64630000,CA,mobile,3,10
967,0,1934,Failed,1,2,12100000,CA,web,1,10
508,0,1016,Successful (Acquired),1,2,20000000,CA,software,4,9
2683,0,10732,Failed,1,4,49600000,TX,hardware,1,10
889,0,4445,Successful (Acquired),1,5,51450000,CA,games_video,5,3
985,0,1970,Successful (Acquired),1,2,6300000,CA,messaging,2,7
0,780,0,Failed,3,1,200000,NY,mobile,1,8
0,0,0,Failed,1,1,20000,OH,fashion,1,2
1239,819,2478,Successful (Acquired),3,2,11600000,MA,hardware,2,13
0,2010,0,Successful (Acquired),2,1,9150000,CA,web,2,6
0,104,0,Failed,2,1,1200000,OH,advertising,4,2
0,0,0,Failed,2,1,1700000,CA,social,1,4
705,1600,2115,Successful (Acquired),4,3,1415000,CA,social,1,9
748,736,1496,Successful (Acquired),2,2,4200000,CA,enterprise,1,16
263,452,526,Successful (Acquired),2,2,500000,MA,web,2,7
0,,0,Successful (Acquired),,1,21500000,TX,public_relations,4,1
564,772,1128,Successful (Acquired),2,2,10000000,UT,web,2,4
538,0,1076,Failed,1,2,9500000,CA,software,2,7
814,,1628,Failed,,2,13875001,NM,cleantech,1,4
0,0,0,Failed,1,1,275000,NJ,software,1,5
1807,0,5421,Successful (Acquired),1,3,19743770,CA,software,2,10
706,0,3530,Successful (Acquired),1,5,1178000,MA,software,5,5
747,650,2241,Successful (Acquired),2,3,25000000,CA,security,2,5
582,,1746,Successful (Acquired),,3,24150000,PA,semiconductor,2,1
656,0,1312,Failed,1,2,80000000,CA,mobile,1,4
697,1971,1394,Successful (Acquired),3,2,36000000,CA,hardware,3,11
0,,0,Failed,,1,205000,MO,network_hosting,1,1
1553,968,6212,Successful (Acquired),4,4,28300000,CA,web,2,27
0,0,0,Failed,1,1,2000000,CA,web,1,1
151,2352,302,Successful (Acquired),6,2,11500000,CA,games_video,1,63
0,438,0,Failed,2,1,4000000,NY,mobile,1,15
0,462,0,Failed,2,1,500000,NY,ecommerce,1,2
0,1004,0,Failed,2,1,4000000,TX,search,2,9
886,26,1772,Failed,2,2,9030000,NY,web,4,8
1577,,6308,Successful (Acquired),,4,69900000,PA,biotech,4,15
0,0,0,Failed,1,1,20000,CA,messaging,1,2
3017,621,21119,Successful (Acquired),3,7,238209999,IN,software,2,29
1326,998,3978,Successful (Acquired),2,3,14700000,MA,medical,1,3
365,658,1095,Successful (Acquired),2,3,430000,CA,games_video,1,4
31,0,62,Successful (Acquired),1,2,1015000,CA,enterprise,1,5
0,0,0,Failed,1,1,1200000,CA,web,1,2
547,1588,1094,Successful (Acquired),4,2,17100000,PA,web,2,16
0,0,0,Successful (Acquired),1,1,50000000,CO,web,4,0
0,,0,Failed,,1,900000,CA,software,1,3
0,606,0,Failed,2,1,6000000,CA,network_hosting,1,7
2315,681,4630,Successful (Acquired),3,2,15100000,NY,advertising,1,5
2876,1892,14380,Successful (Acquired),2,5,62600000,CA,semiconductor,9,7
1002,918,4008,Successful (Acquired),3,4,14800000,CA,mobile,2,15
1132,965,2264,Successful (Acquired),5,2,6875000,CA,web,7,30
0,,0,Failed,,1,30000,TX,software,1,1
0,0,0,Failed,1,1,22200000,CA,public_relations,9,10
83,906,166,Successful (Acquired),2,2,415000,CO,network_hosting,1,6
1458,620,5832,Successful (Acquired),4,4,27063781,NY,web,3,16
0,0,0,Successful (Acquired),1,1,3100000,CA,advertising,5,6
411,1532,822,Failed,4,2,33000000,CA,search,1,13
813,2406,2439,Successful (Acquired),2,3,17400000,CA,web,5,2
1236,1212,6180,Successful (Acquired),4,5,28300000,CA,web,2,17
881,1872,3524,Successful (Acquired),6,4,46800000,CA,advertising,2,42
256,12,768,Successful (Acquired),2,3,1525000,IL,ecommerce,2,5
0,426,0,Successful (Acquired),3,1,1200000,NY,travel,5,9
1406,1304,4218,Successful (Acquired),4,3,12400000,CA,web,1,6
0,,0,Failed,,1,100000,PA,biotech,1,1
1864,0,5592,Successful (Acquired),1,3,11000000,CA,software,1,4
343,0,686,Successful (Acquired),1,2,675000,TN,web,1,3
871,,1742,Successful (Acquired),,2,13000000,CA,software,2,5
0,536,0,Successful (Acquired),2,1,3500000,NY,social,2,5
0,0,0,Failed,1,1,12000000,MA,hardware,4,2
1559,1648,7795,Successful (Acquired),4,5,78573646,CA,games_video,4,10
2055,0,6165,Successful (Acquired),1,3,15286415,TN,photo_video,1,2
0,519,0,Successful (Acquired),3,1,3200000,CA,web,1,5
0,0,0,Failed,1,1,30000,WA,advertising,2,1
3949,0,11847,Successful (Acquired),1,3,14650003,CA,software,1,28
917,0,1834,Successful (Acquired),1,2,23500000,CA,software,5,9
0,,0,Failed,,1,980000,MA,software,1,2
0,,0,Failed,,1,20000000,CA,hardware,3,0
0,,0,Failed,,1,1500000,WA,web,1,4
497,0,994,Successful (Acquired),1,2,8000000,CA,games_video,1,0
1594,525,6376,Successful (Acquired),3,4,25200000,CA,software,4,13
671,472,2684,Successful (Acquired),2,4,61000000,CA,software,3,21
1083,1372,4332,Successful (Acquired),4,4,46300000,CA,games_video,4,12
1549,1930,6196,Successful (Acquired),5,4,24500000,MD,software,4,15
245,0,490,Failed,1,2,7500000,CA,games_video,1,1
0,1482,0,Successful (Acquired),3,1,14500000,CA,enterprise,9,19
0,0,0,Failed,1,1,29000000,WA,games_video,1,1
1234,0,3702,Successful (Acquired),1,3,24000000,CA,network_hosting,2,5
1771,0,7084,Successful (Acquired),1,4,81017493,CA,semiconductor,5,2
118,1062,236,Successful (Acquired),3,2,1000000,CA,analytics,4,4
281,18,562,Successful (Acquired),2,2,12010000,CO,software,2,14
0,3531,0,Successful (Acquired),3,1,22000000,MA,mobile,4,2
0,,0,Failed,,1,42700000,CA,biotech,3,1
517,0,1551,Successful (Acquired),1,3,80000000,CA,software,4,5
0,1104,0,Successful (Acquired),3,1,205000,CA,web,7,3
0,1126,0,Successful (Acquired),2,1,3750000,NY,analytics,1,5
234,542,468,Failed,2,2,41000000,CA,other,1,11
222,846,444,Successful (Acquired),3,2,76000000,CA,games_video,4,37
1004,698,2008,Successful (Acquired),2,2,20000000,MA,enterprise,1,9
936,1036,1872,Successful (Acquired),4,2,9356180,CA,analytics,1,11
0,790,0,Failed,2,1,100000,NY,advertising,1,6
943,52,1886,Successful (Acquired),2,2,13600000,GA,software,3,9
0,764,0,Successful (Acquired),4,1,3000000,CA,advertising,2,19
1680,,8400,Failed,,5,21138876,CA,advertising,2,4
215,429,860,Successful (Acquired),3,4,2345000,MA,enterprise,5,13
0,468,0,Failed,4,1,4000000,CA,web,1,7
499,672,998,Failed,2,2,17000000,CA,software,1,2
0,0,0,Successful (Acquired),1,1,1100000,NY,web,8,8
397,0,1588,Successful (Acquired),1,4,59700,KY,software,1,3
0,267,0,Successful (Acquired),3,1,2350000,CA,enterprise,2,12
0,0,0,Failed,1,1,10000000,VA,software,1,2
282,0,564,Failed,1,2,21189,CA,mobile,1,2
987,202,2961,Successful (Acquired),2,3,28000000,MA,software,2,7
0,,0,Failed,,1,9500000,CA,software,2,0
1392,0,4176,Successful (Acquired),1,3,69600000,CA,semiconductor,7,5
1363,1604,4089,Successful (Acquired),2,3,23500000,VA,mobile,3,11
0,0,0,Successful (Acquired),1,1,13000000,OR,software,4,6
582,182,1164,Successful (Acquired),2,2,21750000,NY,games_video,2,8
0,,0,Failed,,1,5750000,PA,public_relations,4,0
161,0,322,Successful (Acquired),1,2,23400000,ME,software,2,1
0,1152,0,Failed,3,1,4300000,CA,advertising,1,4
892,0,1784,Successful (Acquired),1,2,20000000,TX,security,2,1
1871,0,3742,Successful (Acquired),1,2,51000000,CA,biotech,3,16
2354,0,9416,Successful (Acquired),1,4,27101994,MA,enterprise,4,2
0,0,0,Successful (Acquired),1,1,6480000,CA,public_relations,3,6
662,768,1324,Successful (Acquired),2,2,35000000,CA,enterprise,2,8
1424,374,4272,Failed,2,3,11300000,MA,web,1,5
0,0,0,Failed,1,1,19000,GA,ecommerce,1,1
1327,918,7962,Successful (Acquired),3,6,78500000,NJ,ecommerce,3,27
0,,0,Failed,,1,600000,NY,web,2,4
398,0,796,Successful (Acquired),1,2,13000000,MD,network_hosting,1,3
1035,507,5175,Failed,3,5,43600000,CA,search,3,7
1136,675,5680,Successful (Acquired),3,5,142000000,CA,enterprise,5,38
410,298,820,Successful (Acquired),2,2,2000000,CA,web,1,6
747,0,2241,Successful (Acquired),1,3,26800000,TX,software,3,4
1861,0,11166,Failed,1,6,55900000,CA,hardware,3,2
442,1452,884,Successful (Acquired),3,2,11000000,CA,mobile,2,14
752,0,2256,Successful (Acquired),1,3,31500000,CA,enterprise,3,19
0,1628,0,Successful (Acquired),2,1,1500000,DC,enterprise,2,4
416,456,1248,Failed,3,3,900000,NY,social,1,5
1800,0,5400,Successful (Acquired),1,3,58000000,CA,biotech,5,4
1632,1282,6528,Successful (Acquired),2,4,29050000,MA,software,2,10
618,270,1236,Successful (Acquired),2,2,250000,NV,news,1,3
0,,0,Failed,,1,21000000,CA,software,1,2
1193,,2386,Successful (Acquired),,2,35000000,NY,advertising,3,25
0,0,0,Failed,1,1,500000,CA,web,1,2
315,0,630,Successful (Acquired),1,2,30920000,TX,public_relations,3,3
2203,0,8812,Successful (Acquired),1,4,29288979,CA,software,2,9
1558,78,6232,Failed,2,4,24200000,MA,software,2,11
0,1461,0,Successful (Acquired),3,1,1000000,CA,web,1,4
751,0,1502,Successful (Acquired),1,2,5550000,MN,web,1,3
911,555,1822,Failed,3,2,3000000,CA,mobile,3,8
453,612,906,Successful (Acquired),3,2,14300000,CA,web,4,13
0,,0,Failed,,1,1000000,CA,network_hosting,2,0
301,0,602,Successful (Acquired),1,2,11000000,CA,software,1,7
365,723,730,Failed,3,2,2000000,NY,photo_video,3,7
689,200,1378,Successful (Acquired),2,2,5000000,CA,web,1,17
0,154,0,Successful (Acquired),2,1,11000000,CA,enterprise,3,12
1095,456,4380,Successful (Acquired),4,4,14100000,CA,enterprise,2,19
0,0,0,Failed,1,1,5000000,CA,search,1,8
577,0,1154,Failed,1,2,400000,WA,web,1,1
0,0,0,Successful (Acquired),1,1,10000000,CA,biotech,1,4
1182,0,3546,Failed,1,3,11035000,MA,software,1,3
0,1214,0,Successful (Acquired),2,1,12700000,MA,public_relations,4,9
221,0,442,Successful (Acquired),1,2,20757182,CA,biotech,1,3
663,0,1989,Successful (Acquired),1,3,27000000,CA,software,6,5
0,444,0,Successful (Acquired),3,1,10000000,NY,advertising,1,7
0,,0,Failed,,1,26000000,CA,public_relations,4,4
1020,,2040,Failed,,2,4000000,CT,messaging,2,2
678,0,1356,Successful (Acquired),1,2,20220000,CA,hardware,3,3
0,1065,0,Successful (Acquired),3,1,10000000,NY,games_video,4,7
765,1038,1530,Failed,3,2,7350000,NY,games_video,1,8
0,0,0,Failed,1,1,50000,CA,messaging,1,1
0,498,0,Failed,3,1,1000000,NY,fashion,7,5
1183,184,4732,Failed,2,4,45000000,CA,security,2,16
1689,2200,8445,Failed,5,5,70000000,CA,enterprise,4,22
0,112,0,Failed,2,1,500000,WA,ecommerce,1,3
456,,912,Failed,,2,500000,CA,software,1,6
933,0,2799,Successful (Acquired),1,3,44000000,TX,semiconductor,4,2
0,0,0,Failed,1,1,21000000,CO,semiconductor,1,4
156,276,312,Successful (Acquired),2,2,19000000,CA,games_video,3,12
1137,,3411,Failed,,3,18700000,CA,semiconductor,1,0
0,202,0,Successful (Acquired),2,1,10000000,CA,software,7,6
0,,0,Failed,,3,5900000,FL,software,1,5
301,152,602,Successful (Acquired),2,2,28000000,MA,other,2,13
1604,454,11228,Failed,2,7,24300000,NH,software,1,5
1797,609,7188,Successful (Acquired),3,4,32006000,CA,mobile,1,21
0,0,0,Successful (Acquired),1,1,13400000,CA,public_relations,2,4
359,837,1077,Successful (Acquired),3,3,9400000,CA,enterprise,1,18
2501,1617,15006,Successful (Acquired),3,6,15324624,CO,enterprise,2,10
0,652,0,Successful (Acquired),2,1,2000000,WA,web,11,3
1188,1600,3564,Successful (Acquired),4,3,16000000,CA,web,5,24
1027,,3081,Failed,,3,44000000,MN,medical,1,3
235,0,470,Failed,1,2,1175000,PA,software,1,2
1255,0,2510,Successful (Acquired),1,2,9000000,CA,network_hosting,4,22
1841,0,5523,Successful (Acquired),1,3,35150000,CA,web,3,9
1585,1160,4755,Successful (Acquired),2,3,12000000,MA,software,2,4
0,0,0,Successful (Acquired),1,1,30000000,CA,biotech,9,4
0,0,0,Successful (Acquired),1,1,8000000,CA,security,2,5
0,324,0,Successful (Acquired),3,1,4100000,CA,advertising,2,6
568,0,1136,Failed,1,2,2408500,IL,social,3,1
1345,0,5380,Failed,1,4,72000000,CA,other,1,3
365,0,730,Failed,1,2,18400000,MN,enterprise,1,2
2537,0,17759,Failed,1,7,162264126,NC,biotech,6,4
0,0,0,Successful (Acquired),1,1,29000000,MA,biotech,7,7
0,,0,Failed,,1,8700000,WA,network_hosting,1,0
0,1866,0,Successful (Acquired),2,1,10000000,MA,mobile,7,12
626,372,1252,Successful (Acquired),2,2,15000000,MA,software,2,5
0,0,0,Failed,1,1,2600000,CA,search,1,2
0,867,0,Successful (Acquired),3,1,15000000,CA,web,1,30
633,444,1899,Successful (Acquired),2,3,4000000,NY,web,2,7
1690,0,3380,Successful (Acquired),1,2,73000000,CA,biotech,3,9
283,438,1132,Successful (Acquired),3,4,12123837,NY,education,4,5
573,1023,1719,Successful (Acquired),3,3,22400000,WA,mobile,3,18
264,468,528,Successful (Acquired),3,2,5700000,CA,enterprise,4,12
1210,,2420,Failed,,2,28500000,CA,biotech,4,2
422,0,844,Successful (Acquired),1,2,21000000,MA,software,2,9
0,0,0,Failed,1,1,8000000,NC,software,2,1
0,0,0,Failed,1,1,1500000,CA,games_video,1,1
686,948,2058,Successful (Acquired),4,3,28300000,MA,advertising,1,17
1032,126,5160,Successful (Acquired),2,5,7939553,CA,web,2,4
0,,0,Failed,,1,545000,CA,public_relations,1,3
1537,0,4611,Successful (Acquired),1,3,15247925,MA,semiconductor,1,10
844,1014,2532,Successful (Acquired),2,3,12800000,NY,games_video,1,11
518,478,1036,Failed,2,2,950000,IL,mobile,3,1
731,3835,1462,Successful (Acquired),5,2,16000000,MA,web,1,6
0,0,0,Successful (Acquired),1,1,10000000,CA,semiconductor,1,2
0,783,0,Successful (Acquired),3,1,1500000,NY,fashion,1,5
402,168,804,Failed,2,2,13000000,CA,hardware,1,6
0,304,0,Successful (Acquired),2,1,10000000,NY,hardware,6,6
345,662,690,Successful (Acquired),2,2,3915000,NY,advertising,3,9
549,582,1098,Successful (Acquired),2,2,1400000,NY,travel,6,7
252,252,504,Failed,2,2,650000,IL,ecommerce,1,6
1033,2332,3099,Failed,4,3,9700000,TX,games_video,1,5
0,0,0,Successful (Acquired),1,1,15000000,CA,software,3,6
2365,366,9460,Successful (Acquired),3,4,38764000,CA,enterprise,2,18
2223,1396,17784,Failed,2,8,211403000,CA,cleantech,2,6
61,651,122,Successful (Acquired),3,2,20750000,CA,enterprise,2,8
232,354,464,Successful (Acquired),2,2,1020000,CA,social,2,4
0,0,0,Failed,1,1,13000000,TX,software,1,6
1369,1066,2738,Successful (Acquired),2,2,14700000,NY,software,4,8
1096,2160,4384,Successful (Acquired),4,4,33000000,CA,mobile,1,19
0,,0,Successful (Acquired),,1,30000000,CA,medical,6,5
1287,534,5148,Failed,3,4,33000000,TX,software,4,10
0,,0,Failed,,1,150000,DC,social,1,1
0,0,0,Failed,1,1,20000,MA,advertising,1,3
478,,1434,Failed,,3,30926154,CA,medical,1,2
0,,0,Failed,,1,2000000,CA,advertising,1,0
1751,0,3502,Failed,1,2,19000000,MA,software,3,2
1357,0,4071,Failed,1,3,33000000,CA,advertising,4,2
715,0,2145,Successful (Acquired),1,3,15650000,GA,cleantech,1,1
438,1371,1314,Successful (Acquired),3,3,17400000,CA,web,2,8
0,496,0,Failed,2,1,154000,CA,real_estate,1,5
0,44,0,Failed,2,1,35000000,CA,web,3,4
1404,327,5616,Failed,3,4,7516703,VA,mobile,1,5
0,522,0,Failed,3,1,48000000,TX,cleantech,1,1
1051,0,3153,Successful (Acquired),1,3,65800000,CA,network_hosting,4,6
41,0,82,Failed,1,2,125000,NJ,analytics,1,2
0,1581,0,Successful (Acquired),3,1,750000,VA,search,2,5
0,40,0,Successful (Acquired),2,1,17000000,GA,enterprise,5,10
972,1365,2916,Failed,3,3,4087500,CA,enterprise,1,4
0,0,0,Failed,1,1,1000000,CA,hardware,1,3
2361,471,11805,Successful (Acquired),3,5,23500000,TX,health,1,13
0,,0,Failed,,1,990000,CA,web,1,2
0,532,0,Successful (Acquired),2,1,1000000,AZ,advertising,3,13
1630,1188,6520,Successful (Acquired),2,4,41000000,MA,health,1,15
0,,0,Failed,,1,7000000,OR,semiconductor,1,3
455,0,910,Successful (Acquired),1,2,55000000,MA,biotech,2,4
446,58,892,Successful (Acquired),2,2,69000000,CA,software,3,10
2099,777,16792,Successful (Acquired),3,8,129677153,CA,enterprise,3,25
1733,,10398,Successful (Acquired),,6,232000100,CA,biotech,3,4
548,687,1096,Successful (Acquired),3,2,5700000,CA,enterprise,4,5
0,0,0,Successful (Acquired),1,1,10500000,MA,security,4,3
712,,1424,Failed,,2,23000000,NY,ecommerce,3,2
1483,,4449,Successful (Acquired),,3,14000000,WA,photo_video,3,13
0,,0,Successful (Acquired),,2,7500000,CA,software,2,4
0,444,0,Successful (Acquired),3,1,1420000,NY,social,16,12
828,870,1656,Failed,2,2,9000000,WA,ecommerce,1,1
0,,0,Failed,,1,500000,PA,games_video,1,3
252,164,504,Successful (Acquired),2,2,70000,CA,news,1,4
392,,784,Failed,,2,850000,CA,ecommerce,1,3
0,1034,0,Successful (Acquired),2,1,15000000,CA,enterprise,1,9
210,660,420,Successful (Acquired),2,2,3150000,CA,web,11,12
0,462,0,Failed,2,1,5500000,CA,ecommerce,1,6
0,0,0,Successful (Acquired),1,1,10571182,CA,cleantech,1,8
0,,0,Failed,,1,500000,CA,real_estate,1,13
1394,2589,9758,Successful (Acquired),3,7,24900000,CA,music,3,12
206,786,412,Failed,3,2,3529175,CA,web,1,12
1685,723,6740,Successful (Acquired),3,4,23400000,NY,travel,2,15
0,1632,0,Successful (Acquired),3,1,8800000,CA,security,5,15
0,0,0,Failed,1,1,1500000,NY,fashion,6,2
1666,,11662,Failed,,7,74000000,CA,semiconductor,1,3
213,1612,639,Successful (Acquired),2,3,8800000,OR,network_hosting,1,3
740,3519,1480,Successful (Acquired),3,2,7100000,CA,web,1,3
608,1386,1824,Successful (Acquired),6,3,3500000,MA,ecommerce,1,8
0,496,0,Successful (Acquired),2,1,3000000,CA,software,2,6
53,0,106,Failed,1,2,11000,NY,web,1,5
750,0,2250,Successful (Acquired),1,3,26200000,CA,semiconductor,2,4
505,765,1010,Successful (Acquired),3,2,29000000,CA,software,2,6
0,,0,Failed,,1,10000000,CA,software,1,2
0,1074,0,Failed,3,1,500000,CA,web,3,3
640,336,1920,Successful (Acquired),3,3,11500000,CA,enterprise,1,3
994,411,4970,Successful (Acquired),3,5,5350000,TX,enterprise,3,8
1213,836,3639,Failed,4,3,11015719,CA,mobile,1,27
189,759,567,Successful (Acquired),3,3,9807367,CA,advertising,8,30
411,884,822,Successful (Acquired),2,2,2535000,CA,web,5,8
1273,42,3819,Successful (Acquired),2,3,19000000,TX,enterprise,5,4
1009,0,3027,Successful (Acquired),1,3,475000,CA,travel,4,4
765,0,1530,Successful (Acquired),1,2,36000000,NY,games_video,1,16
0,,0,Successful (Acquired),,1,12000000,CA,games_video,5,4
1226,0,4904,Successful (Acquired),1,4,122000000,CA,biotech,2,15
0,320,0,Successful (Acquired),2,1,1750000,NY,news,5,8
0,714,0,Successful (Acquired),2,1,130000,NY,web,1,3
1090,,3270,Failed,,3,13222860,OH,other,3,4
737,198,1474,Failed,3,2,2192000,IN,public_relations,1,10
0,0,0,Successful (Acquired),1,1,2000000,MA,web,1,4
707,36,1414,Successful (Acquired),2,2,9400000,CA,analytics,2,11
687,,2748,Successful (Acquired),,4,13045000,CA,semiconductor,2,2
1432,1575,5728,Successful (Acquired),3,4,10000000,CA,web,1,8
0,0,0,Successful (Acquired),1,1,6000000,CA,advertising,2,7
568,0,1136,Failed,1,2,2100000,PA,mobile,2,3
171,648,342,Successful (Acquired),3,2,3250000,WA,travel,1,3
213,,639,Failed,,3,148000000,CA,hardware,1,1
1965,0,3930,Successful (Acquired),1,2,24500000,CA,hardware,2,10
334,0,668,Failed,1,2,72000,UT,enterprise,1,4
0,0,0,Failed,1,1,10360000,CA,other,5,3
566,872,1698,Successful (Acquired),2,3,1310000,NY,software,6,12
0,0,0,Failed,1,1,150000,NY,games_video,1,1
2274,3298,6822,Successful (Acquired),2,3,64000000,CA,semiconductor,3,5
0,0,0,Failed,1,1,250000,OH,ecommerce,1,2
854,0,2562,Successful (Acquired),1,3,1830000,CA,health,2,6
221,512,442,Successful (Acquired),4,2,9800000,OR,enterprise,4,10
0,735,0,Successful (Acquired),3,1,2300000,CA,web,1,15
245,1508,490,Failed,4,2,1310000,WA,web,1,3
276,1525,552,Failed,5,2,4500000,CA,games_video,1,4
1303,0,3909,Successful (Acquired),1,3,22000000,CA,software,2,5
516,459,1548,Successful (Acquired),3,3,10000000,CA,advertising,2,23
497,33,1988,Successful (Acquired),3,4,36500000,NY,ecommerce,1,21
2996,408,20972,Successful (Acquired),3,7,33672656,CO,web,2,35
754,0,2262,Successful (Acquired),1,3,19000000,CA,enterprise,2,4
0,0,0,Successful (Acquired),1,1,30000000,CA,semiconductor,4,3
519,430,1038,Successful (Acquired),2,2,2250000,CA,web,8,6
1496,0,8976,Successful (Acquired),1,6,53818873,CA,hardware,4,7
0,,0,Failed,,1,5500000,CA,web,1,6
0,1316,0,Successful (Acquired),2,1,6000000,WA,network_hosting,1,3
62,2745,124,Failed,3,2,30150000,CA,advertising,1,2
630,,1260,Successful (Acquired),,2,83000000,CA,biotech,1,11
624,,1248,Failed,,2,12000000,NY,games_video,1,1
487,870,974,Successful (Acquired),2,2,3500000,CA,software,1,6
0,405,0,Successful (Acquired),3,1,4000000,CA,software,4,5
420,,840,Failed,,2,4000000,CA,manufacturing,1,9
689,0,1378,Successful (Acquired),1,2,25000000,CA,software,4,11
1068,0,3204,Successful (Acquired),1,3,1420698,NY,mobile,2,5
1354,0,2708,Successful (Acquired),1,2,10000000,CA,semiconductor,3,5
1326,1670,3978,Successful (Acquired),5,3,67000000,CA,transportation,2,18
1786,564,7144,Successful (Acquired),3,4,53000000,CA,analytics,4,13
277,448,554,Failed,2,2,300000,CA,games_video,2,5
1034,490,3102,Successful (Acquired),2,3,1400000,CA,software,1,4
488,1887,976,Successful (Acquired),3,2,6500000,CA,web,7,4
0,321,0,Successful (Acquired),3,1,5000000,CA,cleantech,1,8
949,832,1898,Successful (Acquired),2,2,9600000,WA,enterprise,3,6
2617,2556,13085,Successful (Acquired),3,5,58200000,WA,mobile,1,9
1034,1570,3102,Successful (Acquired),2,3,28000000,MA,network_hosting,2,14
176,693,352,Successful (Acquired),3,2,30000000,TX,network_hosting,1,10
425,354,850,Successful (Acquired),2,2,3500000,CA,games_video,2,10
0,414,0,Failed,2,1,16700000,MA,web,4,7
0,,0,Failed,,1,18000000,AZ,semiconductor,7,0
0,0,0,Successful (Acquired),1,1,15000000,CA,medical,6,6
0,,0,Failed,,2,12000000,CA,hardware,1,2
0,0,0,Failed,1,1,15000,OH,ecommerce,1,1
0,573,0,Successful (Acquired),3,1,200000,WA,news,1,11
0,,0,Failed,,1,15000000,CA,semiconductor,1,0
479,360,958,Successful (Acquired),2,2,1400000,CA,enterprise,3,4
2551,0,10204,Failed,1,4,11400000,NY,enterprise,3,5
1335,444,10680,Successful (Acquired),4,8,68500000,CA,cleantech,2,14
993,1804,3972,Successful (Acquired),4,4,3800000,TX,messaging,4,4
607,0,1214,Successful (Acquired),1,2,10100000,CA,software,3,3
0,,0,Failed,,1,4000000,CA,software,6,0
0,18,0,Successful (Acquired),3,1,3011408,CA,software,1,11
0,0,0,Failed,1,1,8000000,CA,software,1,2
1051,0,2102,Successful (Acquired),1,2,12700000,CA,analytics,1,15
0,1056,0,Failed,4,1,300000,CA,public_relations,1,5
0,624,0,Successful (Acquired),2,1,5675000,CA,web,4,21
0,190,0,Successful (Acquired),2,1,1000000,CA,advertising,5,13
0,,0,Failed,,1,125000,FL,enterprise,1,2
266,178,532,Failed,2,2,700000,CT,web,1,2
143,176,286,Successful (Acquired),2,2,532000,WA,enterprise,5,6
730,336,1460,Successful (Acquired),3,2,8500000,CA,web,1,8
0,1278,0,Successful (Acquired),3,1,9400000,WA,network_hosting,1,2
1186,0,2372,Failed,1,2,350000,RI,mobile,1,3
746,750,1492,Successful (Acquired),3,2,12300000,NY,enterprise,1,16
1600,0,8000,Successful (Acquired),1,5,25413298,MA,network_hosting,3,6
253,310,506,Successful (Acquired),2,2,9800000,CA,news,4,23
243,170,486,Failed,2,2,1015000,CA,games_video,1,5
1267,698,6335,Successful (Acquired),2,5,10000003,CO,enterprise,1,4
761,1200,1522,Successful (Acquired),2,2,1750000,IL,travel,1,3
0,848,0,Successful (Acquired),2,1,100000,CA,messaging,3,4
0,292,0,Successful (Acquired),2,1,12000000,CA,software,2,1
132,750,264,Successful (Acquired),3,2,11450000,NY,messaging,8,16
0,650,0,Failed,2,1,50000,CA,advertising,3,7
0,586,0,Failed,2,1,20000000,CA,software,4,4
273,498,546,Successful (Acquired),3,2,42500000,TX,public_relations,5,16
857,1884,2571,Successful (Acquired),2,3,22487000,CA,semiconductor,2,7
0,1936,0,Successful (Acquired),2,1,7800000,CA,software,2,3
2291,0,9164,Successful (Acquired),1,4,59000000,NJ,semiconductor,6,8
0,656,0,Failed,4,1,4000000,ID,mobile,1,5
1085,1188,4340,Successful (Acquired),3,4,71400000,CA,cleantech,2,6
1288,0,3864,Successful (Acquired),1,3,25500000,CA,cleantech,2,5
671,660,2684,Successful (Acquired),3,4,28932322,CA,advertising,2,28
1735,306,10410,Successful (Acquired),3,6,35200000,CA,analytics,2,18
1064,0,2128,Failed,1,2,10000000,MA,public_relations,1,2
1091,1128,3273,Successful (Acquired),4,3,22100000,CA,analytics,2,11
2345,0,11725,Successful (Acquired),1,5,33000000,MA,mobile,2,4
0,0,0,Successful (Acquired),1,1,15000000,CA,biotech,3,9
811,0,2433,Successful (Acquired),1,3,13000000,CA,mobile,3,6
448,0,896,Successful (Acquired),1,2,12800000,CA,mobile,2,5
1319,834,2638,Failed,3,2,626096,NY,mobile,1,6
1393,195,5572,Successful (Acquired),3,4,20350000,MA,analytics,3,12
0,0,0,Failed,1,1,10000000,CA,hardware,3,1
0,651,0,Successful (Acquired),3,1,425000,CA,web,2,5
954,0,2862,Successful (Acquired),1,3,37891054,CA,semiconductor,3,5
2436,0,12180,Successful (Acquired),1,5,40000000,CA,mobile,4,9
520,604,1560,Successful (Acquired),4,3,5550000,CA,games_video,3,10
0,777,0,Successful (Acquired),3,1,770000,CA,mobile,6,3
1689,,6756,Failed,,4,19550000,TX,consulting,1,0
282,0,564,Successful (Acquired),1,2,4000000,CA,web,1,6
1728,1128,6912,Successful (Acquired),4,4,42000000,VA,web,2,14
0,,0,Failed,,1,1900000,CO,other,1,0
561,420,1683,Successful (Acquired),3,3,45039999,CA,games_video,3,21
0,0,0,Failed,1,1,1310000,CA,news,1,1
0,0,0,Successful (Acquired),1,1,3000000,OR,hardware,3,3
1261,711,5044,Successful (Acquired),3,4,36000000,CA,software,3,9
0,0,0,Successful (Acquired),1,1,3000000,CA,software,1,3
0,1638,0,Failed,3,1,1300000,CA,web,1,1
0,0,0,Failed,1,1,50000,AR,software,1,1
0,567,0,Successful (Acquired),3,1,6500000,NY,web,8,15
229,828,458,Successful (Acquired),2,2,4600000,MA,advertising,9,5
1422,1648,4266,Successful (Acquired),2,3,21900000,MA,software,1,5
0,0,0,Successful (Acquired),1,1,240000,NY,games_video,2,6
1935,0,7740,Successful (Acquired),1,4,34700000,CA,software,2,17
1695,1114,6780,Successful (Acquired),2,4,33000000,IL,software,5,4
426,902,852,Failed,2,2,1800000,NY,education,5,3
1334,788,4002,Successful (Acquired),4,3,27300000,CO,advertising,3,14
773,150,1546,Failed,2,2,6760000,CA,web,1,6
2372,3531,7116,Successful (Acquired),3,3,26914000,CA,software,6,24
0,,0,Successful (Acquired),,1,27500000,CA,semiconductor,7,1
0,,0,Failed,,1,9000000,TX,other,2,4
0,0,0,Failed,1,1,954000,CA,public_relations,1,3
1212,,3636,Successful (Acquired),,3,53000000,CA,semiconductor,4,4
1586,720,6344,Successful (Acquired),3,4,23100000,CA,social,2,17
1991,172,7964,Successful (Acquired),2,4,108900000,CA,cleantech,7,28
1133,1525,4532,Successful (Acquired),5,4,55000000,CA,web,2,26
647,1059,1294,Successful (Acquired),3,2,5686383,NY,mobile,2,9
1328,0,7968,Failed,1,6,49008830,CA,biotech,1,4
709,,2127,Successful (Acquired),,3,32200000,CA,mobile,4,10
0,0,0,Failed,1,1,2000000,TX,web,1,3
0,592,0,Successful (Acquired),2,1,2700000,NY,games_video,2,5
0,1954,0,Failed,2,1,2000000,WI,advertising,2,6
1434,1029,4302,Successful (Acquired),3,3,18000000,NY,advertising,2,16
1142,94,5710,Successful (Acquired),2,5,122500000,WA,mobile,5,9
0,1440,0,Successful (Acquired),2,1,1100000,CA,advertising,6,9
721,0,2163,Failed,1,3,52000000,MA,security,2,1
0,0,0,Failed,1,1,44000000,CA,biotech,1,5
757,1124,1514,Successful (Acquired),2,2,15500000,CA,software,1,12
0,0,0,Successful (Acquired),1,1,20000000,CA,security,3,4
